[1,["20g1ukYUVPvKWKBRznAKo+@f9941","7dj5uJT9FMn6OrOOx83tfK@f9941","bdG8q6vX1KcbFDmXyII4Pk@f9941","54TknWPwVPqJqeCR+Y/Czo@f9941","95EkngnxZFbYuFpsqVTaFr@f9941","20g1ukYUVPvKWKBRznAKo+@6c48a","ffuIqPr2JI9I8dPLYGRDpD@f9941","b7MFJ8MjNBwqr3fNq1j5dJ@f9941","3aXGZt+o9AC7RH535APY/F","afxHkx8GZGsJC+n+YfITQo@f9941","54TknWPwVPqJqeCR+Y/Czo@6c48a","d86eS0VjBEe4Eo9sXvGjtR","7dj5uJT9FMn6OrOOx83tfK@6c48a","95EkngnxZFbYuFpsqVTaFr@6c48a","afxHkx8GZGsJC+n+YfITQo@6c48a","b7MFJ8MjNBwqr3fNq1j5dJ@6c48a","bdG8q6vX1KcbFDmXyII4Pk@6c48a","59wz91P+dD460yXn6aIbYf","26KWTgHnBNlKyBSghr6woX","ffuIqPr2JI9I8dPLYGRDpD@6c48a"],["node","_spriteFrame","_textureSource","root","_parent","_normalSprite","data","targetInfo","_hoverSprite","_pressedSprite","_disabledSprite","scrollContent","enterButton","asset","_backgroundImage","_scrollView","messageLogItemPrefab","_content","gameRoomItemPrefab","_cameraComponent","valueInputBox","closeButton","openButton","gameEndLabel","gameStartLabel","source","gameIdInput","scene","_placeholderLabel","_textLabel","button","playerAmountLabel","gameNameLabel"],[["cc.Node",["_name","_layer","_active","_id","_objFlags","_components","_parent","_children","_prefab","_lpos"],-2,9,1,2,4,5],["cc.Node",["_name","_layer","_objFlags","__editorExtras__","_active","_components","_parent","_lpos","_children","_prefab","_lscale"],-2,12,1,5,2,4,5],"cc.SpriteFrame",["cc.Sprite",["_sizeMode","_type","_fillRange","node","_spriteFrame","_color","__prefab"],0,1,6,5,4],["cc.Label",["_string","_actualFontSize","_fontSize","_overflow","_horizontalAlign","_enableWrapText","_lineHeight","_isBold","node","_color","__prefab"],-5,1,5,4],["cc.UITransform",["node","_contentSize","__prefab","_anchorPoint"],3,1,5,4,5],["cc.Layout",["_layoutType","_resizeMode","_isAlign","_paddingLeft","_spacingX","node","__prefab"],-2,1,4],["cc.Node",["_name","_id","_parent","_components","_lpos"],1,1,2,5],["cc.PrefabInfo",["fileId","root","asset","targetOverrides","nestedPrefabInstanceRoots"],2,1,1,9,2],["cc.Widget",["_alignFlags","_originalHeight","_alignMode","_enabled","_top","_bottom","node","__prefab"],-3,1,4],["cc.Mask",["node","__prefab"],3,1,4],["cc.Graphics",["node","_fillColor","__prefab"],3,1,5,4],["cc.ScrollView",["bounceDuration","brake","horizontal","vertical","node","__prefab","_content","_verticalScrollBar"],-1,1,4,1,1],["cc.Button",["_transition","node","_normalColor","_target","__prefab"],2,1,5,1,4],["cc.EditBox",["_inputMode","_maxLength","node","_textLabel","_placeholderLabel"],1,1,1,1],["cc.Prefab",["_name"],2],["cc.CompPrefabInfo",["fileId"],2],["edf4dqKLndND4EEO9j8j4in",["node","__prefab","scrollContent","verticalSpacing","messageLogItemPrefab"],3,1,4,1,8,6],["cc.PrefabInfo",["fileId","root","instance","asset"],2,1,4,6],["cc.ScrollBar",["_direction","node","__prefab","_handle"],2,1,4,1],["a827fw4y7VPV6jAltPQQVW/",["node","__prefab","scrollContent","horizontalSpacing","gameRoomItemPrefab"],3,1,4,1,8,6],["cc.SceneAsset",["_name"],2],["cc.Canvas",["node","_cameraComponent"],3,1,1],["055dbYyScVCvowmp3sMbOl4",["node","enterButton","valueInputBox"],3,1,1,1],["cc.BlockInputEvents",["node"],3,1],["42740hmf/xBi60/Sq5mn32T",["node","mask","window","openButton","closeButton"],3,1,1,1,1,1],["cc.TargetInfo",["localID"],2],["ca0d1Fe1+NCSoiFZ5fMPmDw",["node","gameStartLabel","gameEndLabel"],3,1,1,1],["cc.PrefabInstance",["fileId","propertyOverrides"],2,9],["CCPropertyOverrideInfo",["value","propertyPath","targetInfo"],1,1],["CCPropertyOverrideInfo",["propertyPath","targetInfo","value"],2,1,8],["CCPropertyOverrideInfo",["propertyPath","targetInfo","value"],2,4,8],["cc.Scene",["_name","_children","_prefab","_globals"],2,2,4,4],["cc.TargetOverrideInfo",["propertyPath","source","target","targetInfo"],2,1,1,4],["cc.SceneGlobals",["ambient","shadows","_skybox","fog","octree"],3,4,4,4,4,4],["cc.AmbientInfo",["_skyColorHDR","_groundAlbedoHDR"],3,5,5],["cc.ShadowsInfo",["_shadowColor","_size"],3,5,5],["cc.SkyboxInfo",[],3],["cc.FogInfo",[],3],["cc.OctreeInfo",[],3],["7314fF9u3ZKFbJTSLSNy9vV",["node","gameIdInput","enterButton"],3,1,1,1],["9bf931ZtlpL/JHKE+QjJ3w5",["node","config","messageLogView"],3,1,4,1],["ApplicationConfig",["name","version"],1],["cc.Camera",["_projection","_priority","_orthoHeight","_near","_far","_visibility","node","_color"],-3,1,5],["3ba7a/uPvdB8oZzBJbjWvk1",["node","__prefab","gameNameLabel","playerAmountLabel","button"],3,1,4,1,1,1]],[[16,0,2],[5,0,1,1],[8,0,1,2,2],[5,0,2,1,1],[30,0,1,2,2],[1,0,1,6,5,9,7,3],[1,0,1,6,8,5,7,3],[5,0,2,1,3,1],[3,1,0,3,4,3],[26,0,2],[15,0,2],[0,0,1,6,5,3],[5,0,1,3,1],[4,0,1,2,3,5,8,9,6],[13,0,1,2,3,2],[1,0,6,8,2],[0,0,4,1,6,5,4],[5,0,1],[4,0,1,2,8,10,4],[29,0,1,2,3],[1,0,1,8,5,9,7,3],[1,2,3,6,9,3],[1,0,4,1,6,5,7,4],[1,0,1,6,5,7,3],[1,0,1,6,5,10,3],[0,0,1,6,7,5,8,3],[3,1,0,3,6,4,3],[18,0,1,2,3,2],[10,0,1,1],[11,0,2,1,1],[4,0,4,1,2,3,5,8,7],[4,0,4,1,2,3,5,8,9,7],[4,0,1,2,6,7,8,9,6],[28,0,1,2],[31,0,1,2,2],[1,0,1,6,8,5,9,7,3],[1,0,1,8,5,7,10,3],[0,0,1,5,8,9,3],[0,0,1,7,5,8,3],[0,0,1,3,7,5,9,4],[0,0,2,1,7,5,4],[0,0,2,1,6,7,5,4],[0,0,2,1,5,4],[0,0,1,7,5,3],[0,0,1,6,7,5,3],[0,0,1,6,5,9,3],[0,0,1,6,7,5,8,9,3],[0,0,1,6,5,8,9,3],[7,0,1,2,3,3],[7,0,2,3,4,2],[3,1,0,3,6,3],[3,1,0,3,5,4,3],[3,0,2,3,5,4,3],[3,0,3,5,4,2],[3,0,2,3,6,5,4,3],[17,0,1,2,3,4,1],[8,0,3,4,2],[9,0,1,2,6,7,4],[9,3,0,4,5,6,5],[10,0,1],[11,0,1,1],[6,1,0,5,6,3],[6,1,0,3,4,2,5,6,6],[6,0,2,5,6,3],[19,0,1,2,3,2],[12,0,1,2,4,5,6,7,4],[12,3,4,5,6,2],[4,0,4,1,2,3,8,10,9,6],[4,0,1,2,8,4],[20,0,1,2,3,4,1],[21,0,2],[22,0,1,1],[23,0,1,2,1],[24,0,1],[25,0,1,2,3,4,1],[27,0,1,2,1],[32,0,1,2,3,2],[33,0,1,2,3,2],[34,0,1,2,3,4,1],[35,0,1,1],[36,0,1,1],[37,1],[38,1],[39,1],[40,0,1,2,1],[41,0,1,2,1],[42,0,1,3],[43,0,1,2,3,4,5,6,7,7],[13,1,4,1],[14,0,1,2,3],[14,0,1,2,3,4,3],[44,0,1,2,3,4,1]],[[[{"name":"default_btn_normal","rect":{"x":0,"y":0,"width":40,"height":40},"offset":{"x":0,"y":0},"originalSize":{"width":40,"height":40},"rotated":false,"capInsets":[12,12,12,12],"vertices":{"rawPosition":[-20,-20,0,20,-20,0,-20,20,0,20,20,0],"indexes":[0,1,2,2,1,3],"uv":[0,40,40,40,0,0,40,0],"nuv":[0,0,1,0,0,1,1,1],"minPos":{"x":-20,"y":-20,"z":0},"maxPos":{"x":20,"y":20,"z":0}},"packable":true,"pixelsToUnit":100,"pivot":{"x":0.5,"y":0.5},"meshType":0}],[2],0,[0],[2],[5]],[[[10,"LogScrollView"],[20,"LogScrollView",33554432,[-7,-8],[[[3,-2,[0,"73u6Md/55FoKmsrIU3kTVb"],[5,240,250]],[26,1,0,-3,[0,"4b6BMoOrlF5rIMulP6s/bj"],1],-4,[55,-6,[0,"1c/no5MxJOQo9lVQFqhCbX"],-5,[0,0,25.2],2]],4,4,1,4],[2,"8biA2ryDxHO5PLeHACaiTe",-1,0],[1,-362,196,0]],[35,"scrollBar",33554432,1,[-13],[[[7,-9,[0,"17RDJTyNxC7ZRLYAK3RMzA"],[5,12,250],[0,1,0.5]],[26,1,0,-10,[0,"b6kwxozahJGY3Gqm6L4USr"],0],[57,37,250,1,-11,[0,"1ajlzBdyFBa4mJvMRnKZw3"]],-12],4,4,4,1],[2,"73eplet11A2aAxlUQxRI9H",1,0],[1,120,0,0]],[25,"view",33554432,1,[-17],[[3,-14,[0,"9d0BSG/y5CdbVvty+24CX+"],[5,240,250]],[28,-15,[0,"dbFPpYxpNJ/5HqiWNhvtkQ"]],[29,-16,[0,"4b5zSFtqhEIbgSqYIGKP5K"],[4,16777215]]],[2,"6dbTkPYRdNq67Jf94etutX",1,0]],[5,"content",33554432,3,[[-18,[61,1,2,-19,[0,"ccOldl1npAEZRaxxOfGTj8"]]],1,4],[2,"49+e9Zz0hHEbgkaOJYPwPj",1,0],[1,-10,125,0]],[5,"bar",33554432,2,[[[7,-20,[0,"7f6NBm5l5CLqcG1QTpyMRq"],[5,10,156.25],[0,0,0]],-21],4,1],[2,"29RO8E+k9BIqXOzlReyN/F",1,0],[1,-11,-31.25,0]],[50,1,0,5,[0,"9bQtAWgOhIkrnslj1fbv4y"]],[64,1,2,[0,"abQDCOAftJ452CtEYb6HaV"],6],[65,0.23,0.75,false,1,[0,"e8Cd4aXgFKirRJCQLuEkYM"],4,7],[7,4,[0,"62kU3qEGBGuZ5tPkBDbzA0"],[5,220,33.2],[0,0.5,1]]],0,[0,3,1,0,0,1,0,0,1,0,-3,8,0,11,9,0,0,1,0,-1,2,0,-2,3,0,0,2,0,0,2,0,0,2,0,-4,7,0,-1,5,0,0,3,0,0,3,0,0,3,0,-1,4,0,-1,9,0,0,4,0,0,5,0,-2,6,0,6,1,7,15,8,21],[0,0,0,6],[1,1,16,1],[6,7,8,9]],[[[10,"LogItem"],[37,"LogItem",33554432,[[7,-2,[0,"77rOLUCapBoaJ/P6m8WqWy"],[5,220,33.2],[0,0,0.5]],[67,"",0,16,20,2,-3,[0,"2dsArZpqNCCKp7rrelmRh0"],[4,4278190080]]],[2,"02Q07VO6VM8IteVkMAdneA",-1,0],[1,-109.61,-16.6,0]]],0,[0,3,1,0,0,1,0,0,1,0,6,1,3],[],[],[]],[[{"name":"default_btn_pressed","rect":{"x":0,"y":0,"width":40,"height":40},"offset":{"x":0,"y":0},"originalSize":{"width":40,"height":40},"rotated":false,"capInsets":[12,12,12,12],"vertices":{"rawPosition":[-20,-20,0,20,-20,0,-20,20,0,20,20,0],"indexes":[0,1,2,2,1,3],"uv":[0,40,40,40,0,0,40,0],"nuv":[0,0,1,0,0,1,1,1],"minPos":{"x":-20,"y":-20,"z":0},"maxPos":{"x":20,"y":20,"z":0}},"packable":true,"pixelsToUnit":100,"pivot":{"x":0.5,"y":0.5},"meshType":0}],[2],0,[0],[2],[10]],[[[10,"GameView"],[38,"GameView",33554432,[-7],[[3,-2,[0,"e178X+c+VJG51rRE1qkLaH"],[5,960,320]],[66,false,-4,[0,"54WY4wzeJM56TmxibJHMzp"],-3],[69,-6,[0,"21sa0lpBJA667bDH7Ybc5M"],-5,[0,50,0],0]],[2,"14/U7OJMRJSrUMHhHYXyW5",-1,0]],[25,"view",33554432,1,[-11],[[3,-8,[0,"8dXP4BqulM3IBmjWo/4PVo"],[5,900,360]],[28,-9,[0,"45KXvG0rZFbacLU7xDBKho"]],[29,-10,[0,"eb6/hrV61D75nL17ANmfGk"],[4,16777215]]],[2,"9b+5Zuf1tJBY3/KJHxn/lF",1,0]],[5,"content",33554432,2,[[-12,[62,1,1,50,20,true,-13,[0,"ff90yw75tB/aveC3zMrjbk"]]],1,4],[2,"1fhkWhw9VGr6FJQfJ5Bk0q",1,0],[1,-479.998,0,0]],[7,3,[0,"44pa3AUo5L2pMcgmKBqd1w"],[5,200,360],[0,0,0.5]]],0,[0,3,1,0,0,1,0,17,3,0,0,1,0,11,4,0,0,1,0,-1,2,0,0,2,0,0,2,0,0,2,0,-1,3,0,-1,4,0,0,3,0,6,1,13],[0],[18],[11]],[[{"name":"default_sprite_splash","rect":{"x":0,"y":0,"width":2,"height":2},"offset":{"x":0,"y":0},"originalSize":{"width":2,"height":2},"rotated":false,"capInsets":[0,0,0,0],"vertices":{"rawPosition":[-1,-1,0,1,-1,0,-1,1,0,1,1,0],"indexes":[0,1,2,2,1,3],"uv":[0,2,2,2,0,0,2,0],"nuv":[0,0,1,0,0,1,1,1],"minPos":{"x":-1,"y":-1,"z":0},"maxPos":{"x":1,"y":1,"z":0}},"packable":true,"pixelsToUnit":100,"pivot":{"x":0.5,"y":0.5},"meshType":0}],[2],0,[0],[2],[12]],[[{"name":"default_btn_disabled","rect":{"x":0,"y":0,"width":40,"height":40},"offset":{"x":0,"y":0},"originalSize":{"width":40,"height":40},"rotated":false,"capInsets":[12,12,12,12],"vertices":{"rawPosition":[-20,-20,0,20,-20,0,-20,20,0,20,20,0],"indexes":[0,1,2,2,1,3],"uv":[0,40,40,40,0,0,40,0],"nuv":[0,0,1,0,0,1,1,1],"minPos":{"x":-20,"y":-20,"z":0},"maxPos":{"x":20,"y":20,"z":0}},"packable":true,"pixelsToUnit":100,"pivot":{"x":0.5,"y":0.5},"meshType":0}],[2],0,[0],[2],[13]],[[{"name":"default_scrollbar_vertical","rect":{"x":0,"y":0,"width":15,"height":30},"offset":{"x":0,"y":0},"originalSize":{"width":15,"height":30},"rotated":false,"capInsets":[4,10,4,10],"vertices":{"rawPosition":[-7.5,-15,0,7.5,-15,0,-7.5,15,0,7.5,15,0],"indexes":[0,1,2,2,1,3],"uv":[0,30,15,30,0,0,15,0],"nuv":[0,0,1,0,0,1,1,1],"minPos":{"x":-7.5,"y":-15,"z":0},"maxPos":{"x":7.5,"y":15,"z":0}},"packable":true,"pixelsToUnit":100,"pivot":{"x":0.5,"y":0.5},"meshType":0}],[2],0,[0],[2],[14]],[[{"name":"default_panel","rect":{"x":0,"y":0,"width":20,"height":20},"offset":{"x":0,"y":0},"originalSize":{"width":20,"height":20},"rotated":false,"capInsets":[8,8,8,8],"vertices":{"rawPosition":[-10,-10,0,10,-10,0,-10,10,0,10,10,0],"indexes":[0,1,2,2,1,3],"uv":[0,20,20,20,0,0,20,0],"nuv":[0,0,1,0,0,1,1,1],"minPos":{"x":-10,"y":-10,"z":0},"maxPos":{"x":10,"y":10,"z":0}},"packable":true,"pixelsToUnit":100,"pivot":{"x":0.5,"y":0.5},"meshType":0}],[2],0,[0],[2],[15]],[[{"name":"default_editbox_bg","rect":{"x":0,"y":0,"width":40,"height":40},"offset":{"x":0,"y":0},"originalSize":{"width":40,"height":40},"rotated":false,"capInsets":[12,12,12,12],"vertices":{"rawPosition":[-20,-20,0,20,-20,0,-20,20,0,20,20,0],"indexes":[0,1,2,2,1,3],"uv":[0,40,40,40,0,0,40,0],"nuv":[0,0,1,0,0,1,1,1],"minPos":{"x":-20,"y":-20,"z":0},"maxPos":{"x":20,"y":20,"z":0}},"packable":true,"pixelsToUnit":100,"pivot":{"x":0.5,"y":0.5},"meshType":0}],[2],0,[0],[2],[16]],[[[70,"Lobby"],[39,"Canvas",33554432,"beI88Z2HpFELqR4T5EMHpg",[-5,-6,-7,-8,-9,-10],[[1,-1,[5,1280,720]],[71,-3,-2],[58,false,45,5.684341886080802e-14,5.684341886080802e-14,-4]],[1,640,360.00000000000006,0]],[40,"Content",false,33554432,[-12,-13,-14,-15,-16,-17],[[17,-11]]],[41,"Game",false,33554432,1,[-22,-23,-24,-25],[[1,-18,[5,1280,720]],[72,-21,-20,-19]]],[36,"CreateGameButton",33554432,[-29],[[[17,-26],[51,1,0,-27,[4,4284177358],2],-28],4,4,1],[1,540,-268,0],[1,1,1,1.291]],[42,"Mask",false,33554432,[[1,-30,[5,960,960]],[59,-31],[60,-32,[4,16777215]],[73,-33]]],[6,"GameIdInput",33554432,2,[-37,-38],[[[1,-34,[5,160,40]],[8,1,0,-35,3],-36],4,4,1],[1,0,-11.472,0]],[6,"EnterButton",33554432,2,[-42],[[[1,-39,[5,100,40]],[8,1,0,-40,4],-41],4,4,1],[1,0,-137.66,0]],[6,"CloseButton",33554432,2,[-46],[[[1,-43,[5,40,40]],[8,1,0,-44,6],-45],4,4,1],[1,326.941,206.49,0]],[6,"InputBox",33554432,3,[-50,-51],[[[1,-47,[5,160,40]],[8,1,0,-48,8],-49],4,4,1],[1,0,-98,0]],[6,"Button",33554432,3,[-55],[[[1,-52,[5,100,40]],[8,1,0,-53,9],-54],4,4,1],[1,0,-208,0]],[43,"CreateGamePopup",33554432,[5,2],[[1,-56,[5,720,480]],[74,-59,5,2,-58,-57]]],[9,["8biA2ryDxHO5PLeHACaiTe"]],[44,"GameEffect",33554432,3,[-64,-65],[[1,-60,[5,1280,720]],[75,-63,-62,-61]]],[21,0,{},1,[27,"14/U7OJMRJSrUMHhHYXyW5",-70,[33,"c5kH6VGoROeawljNUPdqtU",[[19,"GameRoomView",["_name"],-66],[4,["_lpos"],-67,[1,0,0,0]],[4,["_lrot"],-68,[3,0,0,0,1]],[4,["_euler"],-69,[1,0,0,0]],[34,["_contentSize"],[9,["e178X+c+VJG51rRE1qkLaH"]],[5,1280,720]],[34,["_contentSize"],[9,["8dXP4BqulM3IBmjWo/4PVo"]],[5,1200,360]]]],1]],[9,["14/U7OJMRJSrUMHhHYXyW5"]],[76,"Lobby",[-73,1],[56,"d5f0f9c2-a4db-440b-a7d8-585bcda8f30d",[[77,["gameRoomView"],-72,14,[9,["21sa0lpBJA667bDH7Ybc5M"]]]],[14,-71]],[78,[79,[2,0,0,0,0.520833125],[2,0,0,0,0]],[80,[4,4283190348],[0,512,512]],[81],[82],[83]]],[11,"Background",33554432,1,[[1,-74,[5,1280,720]],[52,0,1,-75,[4,4291611852],0]]],[16,"Label",512,33554432,4,[[1,-76,[5,100,40]],[13,"創建房間",20,20,1,false,-77,[4,4278190080]]]],[11,"CreateGame",33554432,2,[[17,-78],[84,-81,-80,-79]]],[22,"TEXT_LABEL",false,33554432,6,[[[12,-82,[5,158,40],[0,0,1]],-83],4,1],[1,-78,20,0]],[23,"PLACEHOLDER_LABEL",33554432,6,[[[12,-84,[5,158,40],[0,0,1]],-85],4,1],[1,-78,20,0]],[16,"Label",512,33554432,7,[[1,-86,[5,100,40]],[13,"Enter",20,20,1,false,-87,[4,4278190080]]]],[11,"Background",33554432,2,[[1,-88,[5,720,480]],[53,0,-89,[4,4282137780],5]]],[16,"Label",512,33554432,8,[[1,-90,[5,40,40]],[13,"Exit",20,20,1,false,-91,[4,4278190080]]]],[45,"CreateGameLabel",33554432,2,[[1,-92,[5,269.51,50.4]],[68,"Create Game",44.9,44.9,-93]],[1,0,91.773,0]],[21,0,{},3,[27,"8biA2ryDxHO5PLeHACaiTe",-94,[33,"a3I9+/XmBL06Mud7OzZMQa",[[19,"LogScrollView",["_name"],12],[4,["_lpos"],12,[1,0,138,0]],[4,["_lrot"],12,[3,0,0,0,1]],[4,["_euler"],12,[1,0,0,0]],[19,true,["_active"],12]]],7]],[22,"TEXT_LABEL",false,33554432,9,[[[12,-95,[5,158,40],[0,0,1]],-96],4,1],[1,-78,20,0]],[23,"PLACEHOLDER_LABEL",33554432,9,[[[12,-97,[5,158,40],[0,0,1]],-98],4,1],[1,-78,20,0]],[11,"Label",33554432,10,[[1,-99,[5,100,40]],[13,"確認",20,20,1,false,-100,[4,4278190080]]]],[24,"GameEndEffect",33554432,13,[[[1,-101,[5,677.25,118.44]],-102],4,1],[1,0,0,1]],[24,"StartEffect",33554432,13,[[[1,-103,[5,482.86,118.44]],-104],4,1],[1,0,0,1]],[48,"Application","6dWY4hbzBOK42bf/kvQfxS",16,[-105]],[85,32,[86,"Application","v1.0.0"],3],[49,"Camera",1,[-106],[1,0,0,1000]],[87,0,1073741824,411.4285714285714,0,2000,41943040,34,[4,4278190080]],[15,"UILayer",1,[-107]],[15,"Lobby",36,[4]],[14,2,4,[4,4292269782],4],[15,"PopupLayer",1,[11]],[89,6,8,6],[30,"",0,40,20,1,false,20],[31,"Enter GameId...",0,20,20,1,false,21,[4,4290493371]],[14,2,7,[4,4292269782],7],[14,2,8,[4,4292269782],8],[30,"",0,40,20,1,false,27],[31,"請輸入要猜的數字",0,20,20,1,false,28,[4,4290493371]],[90,6,8,9,45,46],[14,2,10,[4,4292269782],10],[32,"Your are winner",90.5,90.5,94.5,true,30,[4,4278190080]],[32,"Game Start",90.5,90.5,94.5,true,31,[4,4278190080]]],0,[0,0,1,0,19,35,0,0,1,0,0,1,0,-1,34,0,-2,17,0,-3,14,0,-4,3,0,-5,36,0,-6,39,0,0,2,0,-1,19,0,-2,23,0,-3,8,0,-4,6,0,-5,7,0,-6,25,0,0,3,0,20,47,0,12,48,0,0,3,0,-1,26,0,-2,9,0,-3,10,0,-4,13,0,0,4,0,0,4,0,-3,38,0,-1,18,0,0,5,0,0,5,0,0,5,0,0,5,0,0,6,0,0,6,0,-3,40,0,-1,20,0,-2,21,0,0,7,0,0,7,0,-3,43,0,-1,22,0,0,8,0,0,8,0,-3,44,0,-1,24,0,0,9,0,0,9,0,-3,47,0,-1,27,0,-2,28,0,0,10,0,0,10,0,-3,48,0,-1,29,0,0,11,0,21,44,0,22,38,0,0,11,0,0,13,0,23,49,0,24,50,0,0,13,0,-1,30,0,-2,31,0,7,15,0,7,15,0,7,15,0,7,15,0,3,14,0,-2,26,0,25,33,0,-1,32,0,0,17,0,0,17,0,0,18,0,0,18,0,0,19,0,12,43,0,26,40,0,0,19,0,0,20,0,-2,41,0,0,21,0,-2,42,0,0,22,0,0,22,0,0,23,0,0,23,0,0,24,0,0,24,0,0,25,0,0,25,0,3,26,0,0,27,0,-2,45,0,0,28,0,-2,46,0,0,29,0,0,29,0,0,30,0,-2,49,0,0,31,0,-2,50,0,-1,33,0,-1,35,0,-1,37,0,27,16,1,4,16,2,4,11,4,4,37,5,4,11,11,4,39,40,28,42,40,29,41,107],[0,0,0,0,0,0,0,0,0,0,38,38,38,38,40,43,43,43,43,44,44,44,44,47,48,48,48,48],[1,13,1,1,1,1,1,13,1,1,5,8,9,10,14,5,8,9,10,5,8,9,10,14,5,8,9,10],[1,17,0,2,0,1,0,18,2,0,0,0,3,4,2,0,0,3,4,0,0,3,4,2,0,0,3,4]],[[[10,"GameRoomItem"],[20,"GameRoomItem",33554432,[-9,-10],[[[3,-2,[0,"137rIpy2JPOoJpMUxOa9qa"],[5,150,150]],[54,0,1,-3,[0,"e9IJsXjzNCo6gLN+695iRY"],[4,3962972566],0],[91,-7,[0,"16dxlU71RNHqzqkFhoMszI"],-6,-5,-4],-8],4,4,4,1],[2,"afqjN57DJI9oaaqLeoFKhE",-1,0],[1,125,0,0]],[46,"playerAmount",33554432,1,[-13,-14],[[3,-11,[0,"36KgMAt51BSI4XwmV6FiTM"],[5,100,49.7]],[63,1,true,-12,[0,"75C/CMAyZP1LQFyB/k3BpE"]]],[2,"5azjYucz9Ky6IUA6LgIKEs",1,0],[1,0,-7.17,0]],[5,"gameNameLabel",33554432,1,[[[3,-15,[0,"22QIpCojBDxaDTkgoysUvO"],[5,26.68,50.4]],-16],4,1],[2,"61G+nWvTxFcLXSSkXk2ca7",1,0],[1,0,48.754,0]],[47,"players",33554432,2,[[3,-17,[0,"330ny15zhEj55/nExTdkfl"],[5,83.36,50.4]],[18,"Players : ",20,20,-18,[0,"b0roNzA8NHD5pjppjSOpz5"]]],[2,"30H6Bg5jRDFY/048ObJq8X",1,0],[1,-8.32,0,0]],[5,"amount",33554432,2,[[[3,-19,[0,"3dgr4BP7dMWIKebWP4wkj0"],[5,11.12,50.4]],-20],4,1],[2,"3d3YNcS1FKMr3I+FLZhKzF",1,0],[1,38.92,0,0]],[18,"G1",20,20,3,[0,"9emEQTh2FMZ63h/QYU7IBI"]],[18,"0",20,20,5,[0,"b5uS3sLcBJ/pD9QZmpxFbN"]],[88,1,[0,"ea7GwgAzBCip5u9bnUmB7S"]]],0,[0,3,1,0,0,1,0,0,1,0,30,8,0,31,7,0,32,6,0,0,1,0,-4,8,0,-1,3,0,-2,2,0,0,2,0,0,2,0,-1,4,0,-2,5,0,0,3,0,-2,6,0,0,4,0,0,4,0,0,5,0,-2,7,0,6,1,20],[0,8],[1,5],[1,1]],[[{"name":"default_scrollbar_vertical_bg","rect":{"x":0,"y":0,"width":15,"height":30},"offset":{"x":0,"y":0},"originalSize":{"width":15,"height":30},"rotated":false,"capInsets":[4,10,4,10],"vertices":{"rawPosition":[-7.5,-15,0,7.5,-15,0,-7.5,15,0,7.5,15,0],"indexes":[0,1,2,2,1,3],"uv":[0,30,15,30,0,0,15,0],"nuv":[0,0,1,0,0,1,1,1],"minPos":{"x":-7.5,"y":-15,"z":0},"maxPos":{"x":7.5,"y":15,"z":0}},"packable":true,"pixelsToUnit":100,"pivot":{"x":0.5,"y":0.5},"meshType":0}],[2],0,[0],[2],[19]]]]
